{"cameraMode":{"drawMode":0,"name":"Shaded","section":"Shading Mode"},"sceneLighting":true,"audioPlay":false,"sceneViewState":{"showFog":true,"showMaterialUpdate":false,"showSkybox":true,"showFlares":true,"showImageEffects":true,"showParticleSystems":true},"in2DMode":false,"pivot":{"x":5.6709089279174809,"y":5.117030620574951,"z":-1.5095268487930298},"rotation":{"x":-0.1256900280714035,"y":0.6905706524848938,"z":-0.1237448900938034,"w":-0.7014305591583252},"size":6.1372833251953129,"orthographic":false}