{"cameraMode":{"drawMode":0,"name":"Shaded","section":"Shading Mode"},"sceneLighting":false,"audioPlay":false,"sceneViewState":{"showFog":true,"showMaterialUpdate":false,"showSkybox":false,"showFlares":true,"showImageEffects":true,"showParticleSystems":true},"in2DMode":false,"pivot":{"x":-56.04624938964844,"y":-7.067103385925293,"z":81.28875732421875},"rotation":{"x":0.11893963813781738,"y":0.6880186796188355,"z":-0.11585410684347153,"w":0.7064562439918518},"size":4.001763820648193,"orthographic":false}