{"cameraMode":{"drawMode":0,"name":"Shaded","section":"Shading Mode"},"sceneLighting":false,"audioPlay":false,"sceneViewState":{"showFog":true,"showMaterialUpdate":false,"showSkybox":false,"showFlares":true,"showImageEffects":true,"showParticleSystems":true},"in2DMode":false,"pivot":{"x":0.8007863163948059,"y":1.514585018157959,"z":-24.876596450805665},"rotation":{"x":0.11420387029647827,"y":0.7101063132286072,"z":-0.11847931146621704,"w":0.6846102476119995},"size":11.805402755737305,"orthographic":false}