{"cameraMode":{"drawMode":0,"name":"Shaded","section":"Shading Mode"},"sceneLighting":true,"audioPlay":false,"sceneViewState":{"showFog":true,"showMaterialUpdate":false,"showSkybox":true,"showFlares":true,"showImageEffects":true,"showParticleSystems":true},"in2DMode":false,"pivot":{"x":3.203749656677246,"y":3.0352625846862795,"z":-17.77947998046875},"rotation":{"x":0.046759866178035739,"y":-0.7072739601135254,"z":0.046948496252298358,"w":0.7038506269454956},"size":5.695784091949463,"orthographic":false}