{"cameraMode":{"drawMode":0,"name":"Shaded","section":"Shading Mode"},"sceneLighting":false,"audioPlay":false,"sceneViewState":{"showFog":true,"showMaterialUpdate":false,"showSkybox":false,"showFlares":true,"showImageEffects":true,"showParticleSystems":true},"in2DMode":false,"pivot":{"x":-0.08309432864189148,"y":0.1459076702594757,"z":-1.5615689754486085},"rotation":{"x":0.046759866178035739,"y":-0.7072739601135254,"z":0.046948496252298358,"w":0.7038506269454956},"size":1.4553368091583253,"orthographic":false}