{"cameraMode":{"drawMode":0,"name":"Shaded","section":"Shading Mode"},"sceneLighting":true,"audioPlay":false,"sceneViewState":{"showFog":true,"showMaterialUpdate":false,"showSkybox":true,"showFlares":true,"showImageEffects":true,"showParticleSystems":true},"in2DMode":false,"pivot":{"x":-5.480039596557617,"y":-0.6838736534118652,"z":-14.900252342224121},"rotation":{"x":0.09377317875623703,"y":-0.6973682045936585,"z":0.09279495477676392,"w":0.7044816017150879},"size":14.550888061523438,"orthographic":false}